Player,Session Type,Duration,RPE,Fatigue,Soreness,Balls Bowled,Session Load,Date,Player Role,Sleep,Pain Reported
Virat Kohli,Practice,75,7,3,2,0,525,2026-09-01,Batter,8,No
Rohit Sharma,Match,90,8,4,3,0,720,2026-09-01,Batter,7,No
Jasprit Bumrah,Practice,65,8,5,4,72,520,2026-09-02,Bowler,7,Yes
Ravindra Jadeja,Practice,80,7,4,3,48,560,2026-09-02,All-rounder,8,No
Shubman Gill,Practice,70,6,3,2,0,420,2026-09-03,Batter,8,No
KL Rahul,Recovery,45,4,2,2,0,180,2026-09-03,Wicketkeeper-Batter,8,No
Mohammed Siraj,Practice,70,8,5,4,84,560,2026-09-04,Bowler,7,Yes
Hardik Pandya,Practice,60,7,4,3,36,420,2026-09-04,All-rounder,7,No
Rishabh Pant,Match,85,8,4,3,0,680,2026-09-05,Wicketkeeper-Batter,7,No
Kuldeep Yadav,Practice,65,7,4,3,66,455,2026-09-05,Bowler,8,No
Yashasvi Jaiswal,Practice,75,7,3,2,0,525,2026-09-06,Batter,8,No
Suryakumar Yadav,Practice,70,7,4,2,0,490,2026-09-06,Batter,7,No
Mohammed Shami,Practice,60,8,5,4,72,480,2026-09-07,Bowler,7,Yes
Axar Patel,Practice,75,7,3,3,60,525,2026-09-07,All-rounder,8,No
Shreyas Iyer,Recovery,40,4,2,1,0,160,2026-09-08,Batter,8,No
Ishan Kishan,Practice,65,6,3,2,0,390,2026-09-08,Wicketkeeper-Batter,8,No
Ravichandran Ashwin,Practice,60,6,3,3,54,360,2026-09-09,All-rounder,7,No
Yuzvendra Chahal,Practice,55,6,3,2,48,330,2026-09-09,Bowler,8,No
Arshdeep Singh,Practice,70,8,4,3,78,560,2026-09-10,Bowler,7,No
Ruturaj Gaikwad,Practice,70,7,3,2,0,490,2026-09-10,Batter,8,No
Sanju Samson,Match,80,8,4,3,0,640,2026-09-11,Wicketkeeper-Batter,7,No
Washington Sundar,Practice,65,6,3,2,60,390,2026-09-11,All-rounder,8,No
Umesh Yadav,Practice,60,7,4,4,66,420,2026-09-12,Bowler,7,Yes
Bhuvneshwar Kumar,Recovery,45,4,2,2,24,180,2026-09-12,Bowler,8,No
Deepak Chahar,Practice,55,6,3,3,48,330,2026-09-13,Bowler,7,No
Shivam Dube,Practice,70,7,4,2,30,490,2026-09-13,All-rounder,8,No
Tilak Varma,Practice,65,6,3,2,0,390,2026-09-14,Batter,8,No
Rinku Singh,Practice,60,6,3,2,0,360,2026-09-14,Batter,7,No
Mukesh Kumar,Practice,65,7,4,3,66,455,2026-09-15,Bowler,8,No
Avesh Khan,Practice,60,7,4,3,72,420,2026-09-15,Bowler,7,No
Prasidh Krishna,Practice,65,8,5,4,78,520,2026-09-16,Bowler,7,Yes
Shardul Thakur,Practice,70,7,4,3,42,490,2026-09-16,All-rounder,7,No
Navdeep Saini,Recovery,40,4,2,2,18,160,2026-09-17,Bowler,8,No
Rahul Tripathi,Practice,60,6,3,2,0,360,2026-09-17,Batter,8,No
Abhishek Sharma,Practice,70,7,3,2,24,490,2026-09-18,All-rounder,8,No
Nitish Kumar Reddy,Practice,65,7,4,2,30,455,2026-09-18,All-rounder,7,No
Varun Chakravarthy,Practice,60,7,4,3,60,420,2026-09-19,Bowler,8,No
Khaleel Ahmed,Practice,65,7,4,3,72,455,2026-09-19,Bowler,7,No
Mayank Yadav,Practice,55,8,5,4,60,440,2026-09-20,Bowler,7,Yes
Sai Sudharsan,Practice,70,6,3,2,0,420,2026-09-20,Batter,8,No
Devdutt Padikkal,Practice,60,6,3,2,0,360,2026-09-21,Batter,8,No
Krunal Pandya,Practice,65,7,4,3,36,455,2026-09-21,All-rounder,7,No
T Natarajan,Practice,55,7,4,4,66,385,2026-09-22,Bowler,7,Yes
Washington Sundar,Recovery,40,4,2,1,30,160,2026-09-22,All-rounder,8,No
Manish Pandey,Practice,60,5,3,2,0,300,2026-09-23,Batter,8,No
Vijay Shankar,Practice,65,6,3,2,24,390,2026-09-23,All-rounder,7,No
Varun Aaron,Practice,55,7,4,3,60,385,2026-09-24,Bowler,7,No
Kedar Jadhav,Recovery,40,4,2,2,0,160,2026-09-24,All-rounder,8,No
Ambati Rayudu,Practice,50,5,2,2,0,250,2026-09-25,Batter,8,No